Question,file,is_file,output,flag,username,timestamp
,,,,,,2024-10-02 15:55:21.082636
俄罗斯成立于哪一年？,,否,俄罗斯作为一个独立国家，其起源可以追溯到公元9世纪建立的基辅罗斯。但如果你指的是现代俄罗斯联邦的成立，那么它是在1991年苏联解体后成立的。在此之前，俄罗斯是苏维埃社会主义共和国联盟（简称苏联）的一个共和国。苏联在1991年12月26日解体，俄罗斯继承苏联的主要综合国力和国际地位，随后在1992年正式成为独立国家。但严格来说，俄罗斯作为一个国家的连续历史是非常悠久的，其具体“成立”年份取决于你如何定义“成立”。,flagged\文件\8a3f1bb441f49c721ad7\经济数学实训.pdf,是,2025年的亚洲冬季运动会（亚冬会）将在中国的内蒙古自治区举办。具体举办城市是内蒙古自治区首府呼和浩特。这将是中国第二次举办亚冬会，上一次是在2017年，由黑龙江省哈尔滨市举办。亚冬会的举办将促进冬季体育运动在亚洲的普及和发展，同时也是一个展示东道国文化和形象的重要平台。,,,2024-10-04 13:56:24.580112
这篇文章旨在解决什么问题？,flagged\文件\f156cd2475ed4538a53a\2404.04848v2.pdf,是,"这篇文章及其引用的文献主要聚焦于图像和视频压缩领域，旨在解决以下几个问题：

1. **图像和视频压缩的效率**：如何提高图像和视频压缩的效率，以便在存储和传输过程中减少所需的数据量，同时保持高质量。

2. **人眼和机器视觉的兼容性**：如何开发出既适合人眼观看，又能满足机器视觉应用（如图像分析、视频理解等）需求的压缩技术。

3. **特征空间的深度学习压缩**：如何利用深度学习技术，在特征空间进行视频和图像压缩，以提高压缩率并保持内容的有用特征。

4. **面向机器的图像编码**：如何设计图像编码方法，使其不仅适用于人类视觉，还能优化机器学习模型的输入特征。

5. **实时性和可扩展性**：如何实现可扩展的实时图像和视频编码，特别是在资源受限的环境下。

6. **多对象跟踪和检测**：如何在压缩域进行有效的多对象跟踪和检测，减少计算复杂度，同时保持准确性。

7. **端到端学习框架**：如何开发端到端的深度学习框架来优化整个视频压缩流程，从原始数据到压缩表示。

8. **压缩域的视频分析**：如何直接在视频压缩数据上进行有效的视频分析任务，如事件检测、对象识别等。

综上所述，这些研究工作共同致力于提升图像和视频压缩的性能，同时考虑到了人类观看的体验和机器处理的效率。",,,2024-10-04 13:59:50.610980
这篇文章旨在解决什么问题？,flagged\文件\fe51850c30fd3f931c95\2404.04848v2.pdf,是,"这篇文章及其引用的文献主要聚焦于图像和视频压缩领域，旨在解决以下几个问题：

1. **图像和视频压缩的效率**：如何提高图像和视频压缩的效率，以便在存储和传输过程中减少所需的数据量，同时保持高质量。

2. **人眼和机器视觉的兼容性**：如何开发出既适合人眼观看，又能满足机器视觉应用（如图像分析、视频理解等）需求的压缩技术。

3. **特征空间的深度学习压缩**：如何利用深度学习技术，在特征空间进行视频和图像压缩，以提高压缩率并保持内容的有用特征。

4. **面向机器的图像编码**：如何设计图像编码方法，使其不仅适用于人类视觉，还能优化机器学习模型的输入特征。

5. **实时性和可扩展性**：如何实现可扩展的实时图像和视频编码，特别是在资源受限的环境下。

6. **多对象跟踪和检测**：如何在压缩域进行有效的多对象跟踪和检测，减少计算复杂度，同时保持准确性。

7. **端到端学习框架**：如何开发端到端的深度学习框架来优化整个视频压缩流程，从原始数据到压缩表示。

8. **压缩域的视频分析**：如何直接在视频压缩数据上进行有效的视频分析任务，如事件检测、对象识别等。

综上所述，这些研究工作共同致力于提升图像和视频压缩的性能，同时考虑到了人类观看的体验和机器处理的效率。",,,2024-10-04 14:00:01.915901
2024年国家勋章获得者,,否,"截至我所知的信息，2024年的国家勋章获得者尚未公布。国家勋章是一个国家授予公民的最高荣誉之一，通常在特定的纪念日或者国家庆典时颁发，以表彰那些对国家和社会作出杰出贡献的个人或团体。

想要了解最新的国家勋章获得者信息，您可以关注中国政府的官方发布渠道，如新华社、中央电视台等，它们会在第一时间发布此类重要新闻。此外，也可以访问中国政府或相关部门的官方网站获取最新消息。如果您需要了解历史上的国家勋章获得者信息，也可以提供给我具体的时间范围，我会尽力提供相关信息。",,,2024-10-04 14:04:22.489160
